<?xml version="1.0"?>
<!DOCTYPE module PUBLIC
        "-//Checkstyle//DTD Checkstyle Configuration 1.3//EN"
        "https://checkstyle.org/dtds/configuration_1_3.dtd">
<!--
    Licensed to the Apache Software Foundation (ASF) under one or more
    contributor license agreements.  See the NOTICE file distributed with
    this work for additional information regarding copyright ownership.
    The ASF licenses this file to You under the Apache License, Version 2.0
    (the "License"); you may not use this file except in compliance with
    the License.  You may obtain a copy of the License at

         https://www.apache.org/licenses/LICENSE-2.0

    Unless required by applicable law or agreed to in writing, software
    distributed under the License is distributed on an "AS IS" BASIS,
    WITHOUT WARRANTIES OR CONDITIONS OF ANY KIND, either express or implied.
    See the License for the specific language governing permissions and
    limitations under the License.
-->
<module name="Checker">
    <property name="charset" value="UTF-8"/>
    <property name="severity" value="error"/>

    <module name="FileTabCharacter"/> <!-- Java Style Guide: Whitespace characters -->
    <module name="NewlineAtEndOfFile"> <!-- Java Style Guide: Line ending: LF -->
        <property name="lineSeparator" value="lf"/>
    </module>
    <module name="RegexpHeader">
        <property name="header" value="^/\*$\n^ \* Licensed to the Apache Software Foundation \(ASF\) under one$"/>
        <property name="fileExtensions" value=".java,.ts"/>
    </module>
    <module name="RegexpMultiline"> <!-- Development Practices: Writing good unit tests -->
        <property name="fileExtensions" value="java"/>
        <property name="format" value="@VisibleForTesting\s+(protected|public)"/>
        <property name="message" value="@VisibleForTesting members should be package-private."/>
    </module>
    <module name="RegexpSingleline"> <!-- No reference needed as this is evident. -->
        <property name="format" value="&lt;&lt;&lt;&lt;&lt;&lt;&lt;"/>
        <property name="message" value="Found (&lt;&lt;&lt;&lt;&lt;&lt;&lt;), so it looks like you had a merge conflict that compiles. Please fix it."/>
    </module>
    <module name="RegexpSingleline"> <!-- No reference needed as this is evident. -->
        <property name="format" value="&gt;&gt;&gt;&gt;&gt;&gt;&gt;"/>
        <property name="message" value="Found (&gt;&gt;&gt;&gt;&gt;&gt;&gt;), so it looks like you had a merge conflict that compiles. Please fix it."/>
    </module>
    <module name="RegexpSingleline">
        <property name="format" value="\s+$"/>
        <property name="message" value="Whitespace at end-of-line"/>
    </module>
    <module name="RegexpMultiline"> <!-- Java Style Guide: Vertical Whitespace -->
        <property name="fileExtensions" value="java"/>
        <property name="format" value="^\n\n$"/>
        <property name="message" value="Two consecutive blank lines are not permitted."/>
    </module>
    <module name="RegexpSingleline">
        <property name="fileExtensions" value="java"/>
        <property name="format" value="sparkContext\(\)\.hadoopConfiguration\(\)"/>
        <property name="message" value="Are you sure that you want to use sparkContext().hadoopConfiguration()? In most cases, you should use sessionState().newHadoopConf() instead, so that the Hadoop configurations specified in the Spark session configuration will come into effect."/>
    </module>
    <module name="RegexpSingleline">
        <property name="fileExtensions" value="java"/>
        <property name="format" value="new JavaSparkContext\(.*\)"/>
        <property name="message" value="Prefer using JavaSparkContext.fromSparkContext() instead of calling a constructor directly."/>
    </module>
    <module name="RegexpSingleline">
        <property name="format" value="new HashMap&lt;&gt;\(.*\)"/>
        <property name="message" value="Prefer using Maps.newHashMap instead."/>
    </module>
    <module name="RegexpSingleline">
        <property name="format" value="new ConcurrentHashMap&lt;&gt;\(.*\)"/>
        <property name="message" value="Prefer using Maps.newConcurrentMap() instead."/>
    </module>
    <module name="RegexpSingleline">
        <property name="format" value="new ArrayList&lt;&gt;\(.*\)"/>
        <property name="message" value="Prefer using Lists.newArrayList() instead."/>
    </module>
    <module name="RegexpSingleline">
        <property name="format" value="new HashSet&lt;&gt;\(.*\)"/>
        <property name="message" value="Prefer using Sets.newHashSet() instead."/>
    </module>
    <module name="RegexpSingleline">
        <property name="format" value="new LinkedHashSet&lt;&gt;\(.*\)"/>
        <property name="message" value="Prefer using Sets.newLinkedHashSet() instead."/>
    </module>
    <module name="RegexpMultiline">
        <property name="fileExtensions" value="java"/>
        <property name="matchAcrossLines" value="true"/>
        <property name="format" value="Preconditions\.checkArgument\([^;]+%d[^;]+\);"/>
        <property name="message" value="Preconditions.checkArgument does not support %d. use %s instead"/>
    </module>
    <module name="RegexpMultiline">
        <property name="format" value="^\s*import\s+static\s+(?!\Qorg.assertj.core.api.Assertions.\E).*\.assertThatThrownBy;"/>
        <property name="message" value="assertThatThrownBy() should be statically imported from org.assertj.core.api.Assertions"/>
    </module>
    <module name="RegexpMultiline">
        <property name="id" value="AssertThatThrownByWithMessageCheck"/>
        <property name="fileExtensions" value="java"/>
        <property name="matchAcrossLines" value="true"/>
        <property name="format" value="assertThatThrownBy\((?:(?!\.hasMessage\w*\().)*?isInstanceOf\((?:(?!\.hasMessage\w*\().)*?;"/>
        <property name="message" value="assertThatThrownBy must include a message check like .hasMessage(...)"/>
    </module>
    <module name="RegexpMultiline">
        <property name="id" value="AssertThatExceptionOfTypeWithMessageCheck"/>
        <property name="fileExtensions" value="java"/>
        <property name="matchAcrossLines" value="true"/>
        <property name="format" value="assertThatExceptionOfType\((?:(?!\.withMessage\w*\().)*?isThrownBy\((?:(?!\.withMessage\w*\().)*?;"/>
        <property name="message" value="assertThatExceptionOfType must include a message check like .withMessage(...)"/>
    </module>
    <module name="RegexpMultiline">
        <property name="format" value="^\s*import\s+\Qorg.assertj.core.api.Assertions;\E" />
        <property name="message" value="org.assertj.core.api.Assertions should only be used with static imports" />
    </module>
    <module name="SuppressionFilter"> <!-- baseline-gradle: README.md -->
        <property name="file" value="${config_loc}/checkstyle-suppressions.xml"/>
    </module>
    <module name="SuppressionFilter"> <!-- baseline-gradle: README.md -->
        <!-- custom-suppressions.xml allows users to specify suppresions that will not be overriden by baselineUpdateConfig -->
        <property name="file" value="${config_loc}/custom-suppressions.xml"/>
        <property name="optional" value="true"/>
    </module>
    <module name="SuppressWarningsFilter"/> <!-- baseline-gradle: README.md -->
    <module name="TreeWalker">
        <module name="SuppressionCommentFilter"/> <!-- baseline-gradle: README.md -->
        <module name="SuppressionCommentFilter">
            <property name="offCommentFormat" value="CHECKSTYLE.OFF\: ([\w\|]+)"/>
            <property name="onCommentFormat" value="CHECKSTYLE.ON\: ([\w\|]+)"/>
            <property name="checkFormat" value="$1"/>
        </module>
        <module name="AnnotationLocation"> <!-- Java Style Guide: Annotations -->
            <property name="tokens" value="CLASS_DEF, INTERFACE_DEF, ENUM_DEF, METHOD_DEF, CTOR_DEF"/>
        </module>
        <module name="AnnotationLocation"> <!-- Java Style Guide: Annotations -->
            <property name="tokens" value="VARIABLE_DEF"/>
            <property name="allowSamelineMultipleAnnotations" value="true"/>
        </module>
        <module name="AnnotationUseStyle"/> <!-- Java Style Guide: Annotations -->
        <module name="ArrayTypeStyle"/> <!-- Java Style Guide: No C-style array declarations -->
        <module name="AvoidEscapedUnicodeCharacters"> <!-- Java Style Guide: Non-ASCII characters -->
            <property name="allowEscapesForControlCharacters" value="true"/>
            <property name="allowByTailComment" value="true"/>
            <property name="allowNonPrintableEscapes" value="true"/>
        </module>
        <module name="AvoidNestedBlocks"> <!-- Java Coding Guidelines: Avoid nested blocks -->
            <property name="allowInSwitchCase" value="true"/>
        </module>
        <module name="AvoidStarImport"/> <!-- Java Style Guide: No wildcard imports -->
        <module name="AvoidStaticImport"> <!-- Java Style Guide: No static imports -->
            <property name="excludes" value="
                com.palantir.logsafe.Preconditions.*,
                java.util.Collections.*,
                java.util.stream.Collectors.*,
                org.apache.commons.lang3.Validate.*,
                org.apache.iceberg.expressions.Expressions.*,
                org.apache.iceberg.expressions.Expression.Operation.*,
                org.apache.iceberg.DistributionMode.*,
                org.apache.iceberg.IsolationLevel.*,
                org.apache.iceberg.NullOrder.*,
                org.apache.iceberg.MetadataTableType.*,
                org.apache.iceberg.MetadataColumns.*,
                org.apache.iceberg.PlanningMode.*,
                org.apache.iceberg.SortDirection.*,
                org.apache.iceberg.TableProperties.*,
                org.apache.iceberg.types.Type.*,
                org.apache.iceberg.types.Types.NestedField.*,
                org.apache.parquet.schema.OriginalType.*,
                org.apache.parquet.schema.PrimitiveType.PrimitiveTypeName.*,
                org.apache.spark.sql.functions.*,
                org.apache.spark.sql.connector.iceberg.write.RowLevelOperation.Command.*,
                org.apache.spark.sql.connector.write.RowLevelOperation.Command.*,
                org.junit.Assert.*,
                org.assertj.core.api.Assertions.*,
                org.assertj.core.api.Assumptions.*"/>
        </module>
        <module name="ClassTypeParameterName"> <!-- Java Style Guide: Type variable names -->
            <property name="format" value="(^[A-Z][0-9]?)$|([A-Z][a-zA-Z0-9]*[T]$)"/>
        </module>
        <module name="InterfaceTypeParameterName"> <!-- Java Style Guide: Type variable names -->
            <property name="format" value="(^[A-Z][0-9]?)$|([A-Z][a-zA-Z0-9]*[T]$)"/>
        </module>
        <module name="CovariantEquals"/> <!-- Java Coding Guidelines: Override ``Object#equals`` consistently -->
        <module name="DefaultComesLast"/> <!-- Java Style Guide: The default case is present -->
        <module name="EmptyBlock"> <!-- Java Style Guide: Empty blocks: documented -->
            <property name="option" value="TEXT"/>
        </module>
        <module name="EmptyCatchBlock"> <!-- Java Style Guide: Empty blocks: documented -->
            <property name="exceptionVariableName" value="expected"/>
        </module>
        <module name="EmptyForInitializerPad"/> <!-- Java Style Guide: Horizontal whitespace -->
        <module name="EmptyStatement"/> <!-- Java Style Guide: One statement per line -->
        <module name="EqualsHashCode"/>
        <module name="FallThrough"/> <!-- Java Style Guide: Fall-through: commented -->
        <module name="GenericWhitespace"> <!-- Java Style Guide: Horizontal whitespace -->
            <message key="ws.followed" value="GenericWhitespace ''{0}'' is followed by whitespace."/>
            <message key="ws.preceded" value="GenericWhitespace ''{0}'' is preceded with whitespace."/>
            <message key="ws.illegalFollow" value="GenericWhitespace ''{0}'' should followed by whitespace."/>
            <message key="ws.notPreceded" value="GenericWhitespace ''{0}'' is not preceded with whitespace."/>
        </module>
        <module name="HiddenField"> <!-- Java Coding Guide: Avoid shadowing -->
            <property name="ignoreConstructorParameter" value="true"/>
            <property name="ignoreSetter" value="true"/>
            <property name="setterCanReturnItsClass" value="true"/>
        </module>
        <module name="HideUtilityClassConstructor"/> <!-- Java Coding Guidelines: Private constructors -->
        <module name="IllegalImport"> <!-- Java Coding Guidelines: Use JUnit 4-style test classes and assertions -->
            <property name="illegalPkgs" value="junit.framework"/>
            <message key="import.illegal" value="Use JUnit 4-style (org.junit.*) test classes and assertions instead of JUnit 3 (junit.framework.*)."/>
        </module>
        <module name="IllegalImport"> <!-- Only relevant for pre-Java 11 because javafx is gone completely in Java 11 -->
            <property name="id" value="BanJavafx"/>
            <property name="illegalPkgs" value="javafx"/>
            <message key="import.illegal" value="Must not import javafx classes because some OpenJDK builds do not include javafx."/>
        </module>
        <module name="IllegalImport"> <!-- Java Coding Guidelines: Import the canonical package -->
            <property name="illegalPkgs" value="org.elasticsearch.common.base, com.clearspring.analytics.util, org.spark_project.guava, org.sparkproject.guava, org.glassfish.jersey.internal.guava, org.apache.commons.compress.utils"/>
            <message key="import.illegal" value="Must not import repackaged classes."/>
        </module>
        <module name="IllegalImport"> <!-- Java Coding Guidelines: Import the canonical package -->
            <property name="id" value="BanShadedClasses"/>
            <property name="illegalPkgs" value=".*\.(repackaged|shaded|thirdparty)"/>
            <property name="regexp" value="true" />
            <message key="import.illegal" value="Must not import repackaged classes."/>
        </module>
        <module name="IllegalImport">
            <property name="illegalPkgs" value="^org\.gradle\.(internal|.*\.internal)"/>
            <property name="regexp" value="true" />
            <message key="import.illegal" value="Do not rely on gradle internal classes as these may change in minor releases - use org.gradle.api versions instead."/>
        </module>
        <module name="IllegalImport">
            <property name="illegalPkgs" value="sun"/>
            <message key="import.illegal" value="Must not use Oracle's Java implementation details. See http://www.oracle.com/technetwork/java/faq-sun-packages-142232.html ."/>
        </module>
        <module name="IllegalImport">
            <property name="illegalPkgs" value="org.apache.commons.lang"/>
            <message key="import.illegal" value="lang is deprecated, use lang3 instead."/>
        </module>
        <module name="IllegalImport">
            <property name="illegalPkgs" value="org.apache.commons.math"/>
            <message key="import.illegal" value="math is deprecated, use math3 instead."/>
        </module>
        <module name="IllegalImport">
            <property name="id" value="BanLoggingImplementations"/>
            <property name="illegalPkgs" value="org.apache.log4j, org.apache.logging.log4j, java.util.logging, ch.qos.logback"/>
            <message key="import.illegal" value="Use SLF4J instead of a logging framework directly."/>
        </module>
        <module name="IllegalImport">
            <property name="illegalClasses" value="com.google.common.base.Optional, com.google.common.base.Supplier"/>
            <message key="import.illegal" value="Use the Java8 version of Guava objects."/>
        </module>
        <module name="IllegalImport">
            <property name="id" value="BanUnrelocatedGuavaClasses"/>
            <property name="regexp" value="true"/>
            <property name="illegalPkgs" value="com\.google\.common\.((?!testing).*)"/>
            <message key="import.illegal" value="Use org.apache.iceberg.relocated.* classes from bundled-guava module instead."/>
        </module>
        <module name="IllegalImport">
            <property name="id" value="BanGuavaTesting"/>
            <property name="illegalPkgs" value="com.google.common.testing"/>
            <message key="import.illegal" value="Use org.apache.iceberg.relocated.* classes from bundled-guava module instead."/>
        </module>
        <module name="IllegalImport">
            <property name="id" value="GuavaClassesInAssertJ"/>
            <property name="illegalPkgs" value="org.assertj.core.util"/>
            <message key="import.illegal" value="Use org.apache.iceberg.relocated.* classes from bundled-guava module instead."/>
        </module>
        <module name="IllegalImport">
            <property name="id" value="GuavaClassesInArrow"/>
            <property name="illegalPkgs" value="org.apache.arrow.util"/>
            <message key="import.illegal" value="Use org.apache.iceberg.relocated.* classes from bundled-guava module instead."/>
        </module>
        <module name="IllegalImport">
            <property name="id" value="GuavaClassesInParquet"/>
            <property name="illegalClasses" value="org.apache.parquet.Preconditions"/>
            <message key="import.illegal" value="Use Preconditions from bundled-guava module instead."/>
        </module>
        <module name="IllegalInstantiation"> <!-- Java Coding Guidelines: Never instantiate primitive types -->
            <property name="classes" value="java.lang.Boolean"/>
            <property name="classes" value="java.lang.Byte"/>
            <property name="classes" value="java.lang.Character"/>
            <property name="classes" value="java.lang.Double"/>
            <property name="classes" value="java.lang.Float"/>
            <property name="classes" value="java.lang.Integer"/>
            <property name="classes" value="java.lang.Long"/>
        </module>
        <module name="IllegalThrows"/> <!-- Java Coding Guidelines: Throwable, Error, RuntimeException: Not declared -->
        <module name="IllegalTokenText"> <!-- Java Style Guide: Special escape sequences -->
            <property name="tokens" value="STRING_LITERAL, CHAR_LITERAL"/>
            <property name="format" value="\\u00(08|09|0(a|A)|0(c|C)|0(d|D)|22|27|5(C|c))|\\(0(10|11|12|14|15|42|47)|134)"/>
            <property name="message" value="Avoid using corresponding octal or Unicode escape."/>
        </module>
        <module name="IllegalType"> <!-- Java Coding Guide: Limit coupling on concrete classes -->
            <property name="illegalClassNames" value="java.util.ArrayList, java.util.HashSet, java.util.HashMap, java.util.LinkedList, java.util.LinkedHashMap, java.util.LinkedHashSet, java.util.TreeSet, java.util.TreeMap, com.google.common.collect.ArrayListMultimap, com.google.common.collect.ForwardingListMultimap, com.google.common.collect.ForwardingMultimap, com.google.common.collect.ForwardingSetMultimap, com.google.common.collect.ForwardingSortedSetMultimap, com.google.common.collect.HashMultimap, com.google.common.collect.LinkedHashMultimap, com.google.common.collect.LinkedListMultimap, com.google.common.collect.TreeMultimap"/>
        </module>
        <module name="IllegalType">
            <property name="id" value="BanGuavaCaches"/>
            <property name="illegalClassNames" value="com.google.common.cache.CacheBuilder, com.google.common.cache.Cache, com.google.common.cache.LoadingCache"/>
            <message key="illegal.type" value="Do not use Guava caches, they are outperformed by and harder to use than Caffeine caches"/>
        </module>
        <module name="InnerAssignment"/> <!-- Java Coding Guidelines: Inner assignments: Not used -->
        <module name="MemberName"> <!-- Java Style Guide: Non-constant field names -->
            <property name="format" value="^[a-z][a-zA-Z0-9]++$"/>
        </module>
        <module name="ConstantName">
            <property name="format" value="^[A-Z][A-Z0-9]*+(_[A-Z0-9]++)*+$"/>
        </module>
        <module name="MethodName"> <!-- Java Style Guide: Method names -->
            <property name="format" value="^[a-z][a-zA-Z0-9_]++$"/>
        </module>
        <module name="MethodParamPad"/> <!-- Java Style Guide: Horizontal whitespace -->
        <module name="MissingDeprecated"/> <!-- Java Coding Guide: Deprecate per annotation and Javadoc -->
        <module name="ModifiedControlVariable"/> <!-- Java Coding Guide: For-loop control variables: never modified -->
        <module name="ModifierOrder"/> <!-- Java Style Guide: Modifiers -->
        <module name="MultipleVariableDeclarations"/> <!-- Java Style Guide: One variable per declaration -->
        <module name="MutableException"/> <!-- Java Coding Guidelines: Exceptions: Always immutable -->
        <module name="NeedBraces"/> <!-- Java Style Guide: Braces are used where optional -->
        <module name="NoClone"/> <!-- Java Coding Guidelines: Never override Object#finalize or Object#clone -->
        <module name="NoFinalizer"/> <!-- Java Coding Guidelines: Never override Object#finalize -->
        <module name="NoLineWrap"/> <!-- Java Style Guide: No line-wrapping -->
        <module name="OneStatementPerLine"/> <!-- Java Style Guide: One statement per line -->
        <module name="OneTopLevelClass"/> <!-- Java Style Guide: Exactly one top-level class declaration -->
        <module name="OuterTypeFilename"/> <!-- Java Style Guide: File name -->
        <module name="PackageAnnotation"/> <!-- Java Style Guide: Package statement -->
        <module name="PackageDeclaration"/> <!-- Java Style Guide: Package statement -->
        <module name="PackageName"> <!-- Java Style Guide: Package names -->
            <property name="format" value="^[a-z]++(\.[a-z][a-z0-9]*+)*+$"/>
        </module>
        <module name="ParameterAssignment"/> <!-- Java Coding Guidelines: Final variables and parameters -->
        <module name="ParenPad"/> <!-- Java Style Guide: Horizontal whitespace -->
        <module name="RedundantImport"/> <!-- Java Style Guide: No unused imports -->
        <module name="RedundantModifier"/> <!-- Java Coding Guidelines: Avoid redundant modifiers -->
        <module name="RegexpSinglelineJava"> <!-- Java Coding Guidelines: Avoid Generics clutter where possible -->
            <property name="format" value="Collections\.EMPTY_LIST"/>
            <property name="message" value="Use Collections.emptyList() or, better, ImmutableList.of()."/>
        </module>
        <module name="RegexpSinglelineJava"> <!-- Java Coding Guidelines: Avoid Generics clutter where possible -->
            <property name="format" value="Collections\.EMPTY_MAP"/>
            <property name="message" value="Use Collections.emptyMap() or, better, ImmutableMap.of()."/>
        </module>
        <module name="RegexpSinglelineJava"> <!-- Java Coding Guidelines: Avoid Generics clutter where possible -->
            <property name="format" value="Collections\.EMPTY_SET"/>
            <property name="message" value="Use Collections.emptySet() or, better, ImmutableSet.of()."/>
        </module>
        <module name="RegexpSinglelineJava">
            <property name="id" value="BanJacksonFindAndRegisterModulesMethod"/>
            <property name="format" value="findAndRegisterModules"/>
            <property name="message" value="Use ObjectMapper#registerModule(&lt;yourModule&gt;) explicitly. ObjectMapper#findAndRegisterModules() is dangerous because it will change behaviour depending on which modules are on your classpath (including transitive dependencies)."/>
        </module>
        <module name="RegexpSinglelineJava"> <!-- Java Coding Guidelines: Avoid Generics clutter where possible -->
            <property name="format" value="ImmutableList\.Builder.*new ImmutableList\.Builder"/>
            <property name="message" value="Use ImmutableList.builder() for variable assignment."/>
        </module>
        <module name="RegexpSinglelineJava"> <!-- Java Coding Guidelines: Avoid Generics clutter where possible -->
            <property name="format" value="ImmutableMap\.Builder.*new ImmutableMap\.Builder"/>
            <property name="message" value="Use ImmutableMap.builder() for variable assignment."/>
        </module>
        <module name="RegexpSinglelineJava"> <!-- Java Coding Guidelines: Avoid Generics clutter where possible -->
            <property name="format" value="ImmutableSet\.Builder.*new ImmutableSet\.Builder"/>
            <property name="message" value="Use ImmutableSet.builder() for variable assignment."/>
        </module>
        <module name="RegexpSinglelineJava"> <!-- Java Coding Guidelines: Check parameters for validity -->
            <property name="format" value="Preconditions\.checkNotNull\((?!.*,)([^()]*(\(([^()]*|\(([^()]*|\([^()]*\))*\))*\)[^()]*)*)\)"/>
            <property name="message" value="Use Preconditions.checkNotNull(Object, String)."/>
        </module>
        <module name="RegexpSinglelineJava">
            <property name="format" value="Objects\.(require|)[Nn]onNull.*\(.*\)"/>
            <property name="message" value="Prefer using Preconditions.checkNotNull(Object, String)."/>
        </module>
        <module name="RegexpSinglelineJava"> <!-- Java Coding Guidelines: Check parameters for validity -->
            <property name="format" value="Validate\.notNull\((?!.*,)([^()]*(\(([^()]*|\(([^()]*|\([^()]*\))*\))*\)[^()]*)*)\)"/>
            <property name="message" value="Use Validate.notNull(Object, String)."/>
        </module>
        <module name="RegexpSinglelineJava">
            <property name="format" value="^\s*super\(\);"/>
            <property name="message" value="This is unnecessary; please delete."/>
        </module>
        <module name="RegexpSinglelineJava"> <!-- Java Style Guide: Horizontal whitespace -->
            <property name="format" value="\s+$"/>
            <property name="message" value="Trailing whitespace is not allowed."/>
        </module>
        <module name="RegexpSinglelineJava">
            <property name="format" value="\? extends Object\W"/>
            <property name="message" value="Use ? rather than ? extends Object."/>
        </module>
        <module name="RegexpSinglelineJava">
            <property name="format" value="(?i)log(ger)?\.(debug|info|warn|error)\(.*%[sd]"/>
            <property name="message" value="SLF4J loggers support '{}' style formatting."/>
            <property name="ignoreComments" value="true"/>
        </module>
        <module name="RegexpSinglelineJava">
            <property name="format" value="\.printStackTrace\(\)"/>
            <property name="message" value="printStackTrace is not generally allowed."/>
            <property name="ignoreComments" value="true"/>
        </module>
        <module name="RegexpSinglelineJava">
            <property name="id" value="BanSystemOut"/>
            <property name="format" value="System\.out\."/>
            <property name="message" value="Logging with System.out is not allowed because it has no metadata and can't be configured at runtime. Please use an SLF4J logger instead, e.g. log.info(&quot;Message&quot;)."/>
            <property name="ignoreComments" value="true"/>
        </module>
        <module name="RegexpSinglelineJava">
            <property name="id" value="BanSystemErr"/>
            <property name="format" value="System\.err\."/>
            <property name="message" value="Logging with System.err is not allowed because it has no metadata and can't be configured at runtime. Please use an SLF4J logger instead, e.g. log.error(&quot;Message&quot;)."/>
            <property name="ignoreComments" value="true"/>
        </module>
        <module name="RegexpSinglelineJava">
            <property name="format" value="\bCharsets\."/>
            <property name="message" value="Use JDK StandardCharsets instead of alternatives."/>
        </module>
        <module name="RegexpSinglelineJava">
            <property name="format" value="\bCharset.defaultCharset\("/>
            <property name="message" value="Use explicit charset (e.g. StandardCharsets.UTF-8) instead of default."/>
        </module>
        <module name="RegexpSinglelineJava">
            <property name="format" value="\bIOUtils\.toString\("/>
            <property name="message" value="Prefer Guava''s [CharStreams,Files,Resources].toString to avoid charset/stream closing issues."/>
        </module>
        <module name="RegexpSinglelineJava">
            <property name="format" value="\bIOUtils\.copy\("/>
            <property name="message" value="Prefer Guava''s ByteStreams.copy to avoid charset/stream closing issues."/>
        </module>
        <module name="RegexpSinglelineJava">
            <property name="format" value="static enum"/>
            <property name="message" value="Redundant ''static'' modifier."/>
        </module>
        <module name="RegexpSinglelineJava">
            <property name="format" value="(void setUp\(\))|(void setup\(\))|(void setupStatic\(\))|(void setUpStatic\(\))|(void beforeTest\(\))|(void teardown\(\))|(void tearDown\(\))|(void beforeStatic\(\))|(void afterStatic\(\))"/>
            <property name="message" value="Test setup/teardown methods are called before(), beforeClass(), after(), afterClass(), but not setUp, teardown, etc."/>
        </module>
        <module name="RegexpSinglelineJava">
            <property name="ignoreComments" value="true"/>
            <property name="format" value="@Test\(.*expected.*\)"/>
            <property name="message" value="Prefer using Assertions.assertThatThrownBy(...).isInstanceOf(...) instead."/>
        </module>
        <module name="IllegalToken">
            <property name="tokens" value="LITERAL_ASSERT"/>
        </module>
        <module name="IllegalImport">
            <property name="id" value="BanExpectedExceptionUsage"/>
            <property name="illegalClasses" value="org.junit.rules.ExpectedException"/>
            <message key="import.illegal" value="Prefer using Assertions.assertThatThrownBy(...).isInstanceOf(...) instead."/>
        </module>
        <module name="IllegalImport">
            <property name="id" value="BanJUnit5AssumptionsUsage"/>
            <property name="illegalPkgs" value="org.junit.jupiter.api.Assumptions"/>
            <message key="import.illegal" value="Prefer using Assertions.assumeThat(...).isTrue() instead."/>
        </module>
        <module name="IllegalImport">
            <property name="id" value="BanHamcrestUsage"/>
            <property name="illegalPkgs" value="org.hamcrest"/>
            <message key="import.illegal" value="Prefer using org.assertj.core.api.Assertions instead."/>
        </module>
        <module name="IllegalImport">
            <property name="id" value="BanJUnit5Assertions"/>
            <property name="illegalPkgs" value="org.junit.jupiter.api.Assertions"/>
            <message key="import.illegal" value="Prefer using org.assertj.core.api.Assertions instead."/>
        </module>
        <module name="RegexpSinglelineJava">
            <property name="ignoreComments" value="true"/>
            <property name="format" value="@Json(S|Des)erialize"/>
            <property name="message" value="Avoid using Jackson-related ser-de annotations"/>
        </module>
        <module name="SimplifyBooleanExpression"/> <!-- Java Coding Guidelines: Keep Boolean expressions simple -->
        <module name="SimplifyBooleanReturn"/> <!-- Java Coding Guidelines: Keep Boolean expressions simple -->
        <module name="StaticVariableName"/> <!-- Java Style Guide: Naming -->
        <module name="StringLiteralEquality"/> <!-- Java Coding Guidelines: String equality: use String#equals -->
        <module name="SuperClone"/>
        <module name="SuppressWarnings">
            <property name="format" value="serial"/>
        </module>
        <module name="SuppressWarningsHolder" />  <!-- Required for SuppressWarningsFilter -->
        <module name="TodoComment"> <!-- Using TodoComment as a CommentRegex to find comments without a leading space-->
            <property name="format" value="^\w"/>
            <message key="todo.match" value="There must be whitespace at the beginning of all comments."/>
        </module>
        <module name="TypeName"> <!-- Java Style Guide: Class names -->
        </module>
        <module name="TypecastParenPad"/> <!-- Java Style Guide: Horizontal whitespace -->
        <module name="UnusedImports"> <!-- Java Style Guide: No unused imports -->
            <property name="processJavadoc" value="true"/>
        </module>
        <module name="UpperEll"/> <!-- Java Style Guide: Numeric Literals -->
        <module name="VisibilityModifier"/> <!-- Java Coding Guidelines: Minimize mutability -->

        <!-- Stricter checks begin: delete some or all of the following for faster prototyping, but please restore before pushing to production. -->

        <module name="AtclauseOrder"> <!-- Java Style Guide: At-clauses -->
            <property name="tagOrder" value="@param, @return, @throws, @deprecated"/>
            <property name="target" value="CLASS_DEF, INTERFACE_DEF, ENUM_DEF, METHOD_DEF, CTOR_DEF, VARIABLE_DEF"/>
        </module>
        <module name="CyclomaticComplexity"> <!-- Java Coding Guidelines: Reduce Cyclomatic Complexity -->
          <property name="switchBlockAsSingleDecisionPoint" value="true"/>
          <property name="max" value="12"/>
        </module>
        <module name="JavadocMethod"> <!-- Java Style Guide: Where Javadoc is used -->
            <property name="accessModifiers" value="public"/>
            <property name="allowMissingParamTags" value="true"/>
            <property name="allowMissingReturnTag" value="true"/>
            <property name="allowedAnnotations" value="Override, Test"/>
            <property name="validateThrows" value="false"/>
        </module>
        <module name="JavadocMissingWhitespaceAfterAsterisk"/>
        <module name="JavadocStyle"> <!-- Java Style Guide: Javadoc -->
            <property name="checkFirstSentence" value="false"/>
        </module>
        <module name="JavadocTagContinuationIndentation"> <!-- Java Style Guide: At-clauses -->
            <property name="offset" value="0"/>
        </module>
        <module name="LocalFinalVariableName"/> <!-- Java Style Guide: Local variable names -->
        <module name="LocalVariableName"> <!-- Java Style Guide: Local variable names -->
            <property name="tokens" value="VARIABLE_DEF"/>
            <property name="format" value="^[a-z][a-zA-Z0-9]++$"/>
            <property name="allowOneCharVarInForLoop" value="true"/>
        </module>
        <module name="MethodLength"/> <!-- Java Coding Guide: Methods and functions: focused, crisp, concise -->
        <module name="MethodTypeParameterName"> <!-- Java Style Guide: Type variable names -->
            <property name="format" value="(^[A-Z][0-9]?)$|([A-Z][a-zA-Z0-9]*[T]$)"/>
        </module>
        <module name="NestedForDepth">
            <property name="max" value="2"/>
        </module>
        <module name="NestedTryDepth"/> <!-- Java Coding Guide: Try/catch blocks: never nested -->
        <module name="NonEmptyAtclauseDescription"/> <!-- Java Style Guide: At-clauses -->
        <module name="ParameterName"> <!-- Java Style Guide: Parameter names -->
            <property name="format" value="^[a-z][a-zA-Z0-9]++$"/>
            <property name="ignoreOverridden" value="true"/>
        </module>

        <!-- Stricter checks end -->
    </module>
</module>
